Content,Scenario,Label,Urgency,Sentiment,Has_link,Interaction score,Author
"Tai khoan cua ban da dang ky chuong trinh quang cao tren TikTok, moi thang thu phi 3,600,000 VND. Vui lòng vao https://vpbank.vn.onl de kiem tra hoac de huy",Giả dang cơ quan chức năng,1,3,-0.5,1,0,
SCB Tran trong thong bao. Tai khoan cua quy khach hien tai da bi khoa. Dang nhap https://ebanking.db3mn.com de xac thuc ngay hom nay,Giả dang cơ quan chức năng,1,3,-0.5,1,0,
ACB: Tai khoan cua ban da mo dich vu tai chinh toan cau phi dich vu hang thang la 2.000.000 VND se bi tru trong 2 gio. Neu khong phai ban mo dich vu vui long nhan vao https://acb-online-center.com de huy,Giả dang cơ quan chức năng,1,3,-0.5,1,0,
Vietinbank tran trong thong bao tai khoan cua quy khach hien tai da bi khoa. Dang nhap vao https://www.vniatinbanks.cc de xac thuc ngay hom nay,Giả dang cơ quan chức năng,1,3,-0.5,1,0,
"Bộ giao thông vận tải, xin thông báo ông/bà có biên lai chưa nộp phạt. Hôm nay là thông báo cuối cùng. Yêu cầu nhanh chóng giải quyết mọi thắc mắc Vui lòng liên hệ: 0782320830",Giả dang cơ quan chức năng,1,4,-0.7,0,2,
UNG DUNG VCB DIGIBANK cua ban duoc PHAT HIEN KICH HOAT tren thiet bi la. Neu KHONG PHAI BAN KICH HOAT vui long bam vao https://vietcombank.vn-dll.vip de doi thiet bi hoac de tranh mat tai san,Giả dang cơ quan chức năng,1,3,-0.4,1,0,
TPbank: Tran trong thong bao. Tai lhoan cua quy khach hien tai da bi khoa. Dang nhap https://ebank.tbplik.com de xac thuc ngay hom nay,Giả dang cơ quan chức năng,1,3,-0.5,1,0,
"Tai khoan cua ban da dang ky chuong trinh quang cao tren TikTok, moi thang thu phi 2,250,000 VND. Vui lòng vao https://msb.vn-cvs.top de kiem tra hoac de huy",Giả dang cơ quan chức năng,1,3,-0.4,1,0,
"Chào chị. Tôi là Phương - công chức tại cơ quan Thuế vừa trao đổi điện thoại với chị. Để làm tờ khai thuế online, mời chị truy cập và tải app của Cơ quan tại link: thuedientuu.vn . Sau khi đã tải app xong, chị hãy phản hồi lại tin nhắn này để chúng tôi theo dõi và hướng dẫn các bước tiếp theo.",Giả dang cơ quan chức năng,1,2,0,1,1,
"Tai khoan cua ban dang duoc dang nhap tren thiet bi khac, neu khong phai ban dang nhap vui long vao https://vietcombank.vn-yys.club de sua doi mat khau hoac thoat khoi thiet bi kia",Giả dang cơ quan chức năng,1,3,-0.4,1,0,
Gì ơi tk gì còn tiền k cháu mượn chuyển giùm cháu vô stk này 8 triệu chiều cháu gửi lại gì. Cháu ck mà lỗi mạng á. BIDV: 98163910192,Giả dạng người thân,1,3,0,0,7,
Xin chào! Chúc mừng bạn đã trờ thành nhân viên bình luận Tiktok. Add zalo kết bạn để nhận được 10k - 100k miễn phí. zalo: 01234563597,Trúng thưởng,1,1,0.5,0,2,
"THÔNG BÁO  
Xin Chúc Mừng Tài Khoản FACEBOOK Của [Diep Ha] Đã May Mắn Nhận Được Giải Nhất Từ Sự Kiện "" Tri Ân Khách Hàng"" 
Tài Khoản FaceBook App của [Diep Ha] Mang Mã Số Trúng Thưởng Là (""208A79"") Đã May Mắn Được Hệ Thống Lựa Chọn Ngẫu Nhiên, Xác Nhận Là Tài Khoản Đã Trúng Thưởng. 
Phần Quà Giải Nhất Của Bạn Gồm: 
1 Xe Máy HonDa SH 125i Việt Nam "" Trị Giá 81.000.000 VNĐ""
1 Phiếu Quà Tặng Tiền Mặt "" Trị Giá 200.000.000 VNĐ""
1 Thẻ Sử Dụng Xăng Miễn Phí 1 Năm (Trị giá 5.000.000 VNĐ) ",Trúng thưởng,1,1,1,0,1,
"FACEBOOK THÔNG BÁO  
Xin Chúc Mừng Tài Khoản FACEBOOK Của Bạn Với Mã Số (TN159379) Đã May Mắn Nhận Được Giải Nhất Từ Sự Kiện "" Tuần Lễ Vàng"" 
Tập Đoàn Mạng Xã Hội FACEBOOK Xác Nhận Là Tài Khoản Của Bạn Đã Trúng Thưởng
Phần Quà Giải Nhất Của Bạn Gồm: 
1 Xe Máy HonDa SH 125i Việt Nam "" Trị Giá 81.000.000 VNĐ""
1 Phiếu Quà Tặng Tiền Mặt "" Trị Giá 200.000.000 VNĐ""
Bây giờ Bạn Cần Truy Cập Website: quatanvnn.com
Mọi Thắc Mắc Xin Liên Hệ CSKH",Trúng thưởng,1,1,1,0,1,
Chúc mừng chủ tài khoản Shopee APC219. Shopee xin trân trọng thông báo tài khoản Shopee của quý khách đã rất may mắn nhận được thẻ quà tặng tiền mặt trị giá 200.000.000đ từ Quà Tặng Shopee 2022. Nhận Quà Tặng Shopee - Truy Cập ngay (https://shopee.vn-trangchu.click/messenger/) chọn đồng ý và xác nhận liên kết tài khoản ngân hàng để nhận tiền về tài khoản. Shopee kình gửi!,Trúng thưởng,1,1,0.8,1,2,
Xin chúc mừng bạn hiweiehrh@gmail.com đã trùng thưởng 1 xe máy SH trị giá 97 triệu đồng. Vui lòng truy cập website: www.traogiainammoi2022.com để hoàn tất hồ sơ nhận thưởng.,Trúng thưởng,1,1,0.9,1,1,
"Chúc mừng chủ tài khoản Shopee gr666n đã nhận được quà tặng Tri Ân Khách Hàng bao gồm: 
8.888.000VNĐ từ ví Shopee
1.000.000 Xu Shopee
20 Mã FREESHIP và 02 Voucher hoàn xu 388K.
Vui lòng xác nhận tài khoản ibanking ngân hàng của quý khách hàng với Shopee để nhận tiền về tài khoản, nhấn vào https://shopeexu.vn/ chọn Đồng ý để xác nhận tài khoản nhận tiền Shopee",Trúng thưởng,1,1,0.8,1,0,
Xin chúc mừng tài khoản Shopee [btrepro] Bạn nhận được 1 phiếu quà tặng trị giá 100.000.000đ từ Shopee nhanh tay liên kết tài khoản ngân hàng nhận thưởng tại trang chỉ trao thưởng Shopee Website chính thức WWW.XACNHANGIAODICH365.COM. Chúc quý khách nhận thưởng thành công.,Trúng thưởng,1,1,0.7,1,0,
"Ngan Hang VPBANK THONG BAO. 
Chuc Mung Tai Khoan Cua Ban Nhan Duoc 1 Luot ""QUAY SO - MIEN PHI"", Nhan Ngay 1 Trong 3 Phan Qua Gom: 
1 iPhone 11 512GB
1 Tivi LG 4k
10 Trieu Đong Vao Tai Khoan.
Truy Cap Website: https://login -online.com.vn/ De Thuc Hien Luot QUAY SO MAY MAN MIEN PHI. Goi Vao 1900545415. Xin Cam On!",Trúng thưởng,1,1,0.8,1,0,
Chúc mừng chủ tài khoản Shopee APC219. Shopee xin trân trọng thông báo tài khoản Shopee của quý khách đã rất may mắn nhận được thẻ quà tặng tiền mặt trị giá 200.000.000đ từ Quà Tặng Shopee 2022. Nhận Quà Tặng Shopee - Truy Cập ngay (https://shopee.vn-trangchu.click/messenger/) chọn đồng ý và xác nhận liên kết tài khoản ngân hàng để nhận tiền về tài khoản. Shopee kình gửi!,Trúng thưởng,1,1,0.7,1,2,
"Xin chúc mừng TB0913838170 Da trung thuong ""1 IP5s"" trong chuong trinh du thuong cuoi nam 
Lien He: 1>9>0>0>1>9>9>5 de nhan giai. De nghi LH truoc ngay 28/01",Trúng thưởng,1,1,0.7,0,2,
Cả nhà có đứa cháu đang tham gia chương trình mẫu nhờ mọi người vào like ủng hộ được không. Em có zalo không gửi số sang đây anh đăng kí cho,Giả dạng người thân,1,2,0.2,0,7,
Tài khoản còn đủ 30 triệu không nhờ gửi giúp vào tài khoản này có việc tí 6 giờ gửi lại được không? Tk còn tiền mà lỗi hệ thống mãi không chuyển được. TPBank: 019921912219.,Giả dạng người thân,1,4,0.1,0,8,
"Thầy cô nhận được tiền sẽ cập nhật ngay trong biên lai sẻ gửi qua email trong 7 ngày
Em chuyển vào thầy kế toán trưởng nhé
060189202388 ngân hàng thương tín. Thầy Hoàng Trung Le
em gửi 24.500.00 hôm sau e nhận lại 500.000",Giả dạng người thân,1,4,0.1,0,1,
"301002128329 Shb Viên Thị Hồng thắm tmcp sài gòn hà nội
Chi phí đóng tiền tạm ứng của cháu là 20tr chị gửi rồi báo em làm thủ tục cho cháu chị nha
Chị ơi bây giờ bé mất máu nhiều quá mà bệnh viện không đủ máu cần chuyền máu từ bệnh viện khác chi phí mất 100tr chị ạ",Giả dạng người thân,1,5,-0.5,0,6,
Con tính làm dịch vụ chuyển tiền quốc tế. Bây giờ nhiều người cần chuyển tiền về mà hết hạn visa. Cứ có khách bên này cần chuyển tiền về việt nam 10 triệu thì mình có lãi được 700-1 triệu,Giả dạng người thân,1,3,-0.1,0,9,
"Cam tu oi Anh là em của chị Lan, Chị Lan nói em là bác sỹ chuyên về xương khớp ngày mai bận lắm không anh chở mẹ qua khám",Giả dạng người thân,1,3,0,0,0,
Bên này con đang muốn làm thêm dịch vụ chuyển tiền và đổi tiền. Cứ mỗi giao dịch của khách 10 triệu con tính phí 700 đến 1 triệu. Nên con hỏi mẹ nếu được thì con nhận tiền của khách chắc chắn xong gữi về cho mẹ. Mẹ nhận được tiền thì liên lạc với người nhà khách ở v giữ lại cho người ta được không.,Giả dạng người thân,1,3,-0.1,0,0,
"KIỂM TRA SỔ SÁCH PHHS CHƯA ĐÓNG KHOẢN PHÍ ĐẦU NĂM Ạ. 
nay hạn chót rồi á PH",Giả dạng người thân,1,3,-0.2,0,5,
"Bác sĩ bảo là bị trấn thương sọ não anh 
Giờ cần phải phẫu thuật gấp 
Giờ em lại không mang theo tiền để làm thủ tục anh ạ. Cháu gấp lắm rồi. Không là nguy cơ đến tính mạng anh ạ ",Giả dạng người thân,1,5,-0.7,0,6,
"Nợ bọn tao cũng đã nhắc nhở mày rồi NGUYỄN THỊ PHƯƠNG. Nếu mày cố tình không hợp tác thanh toán khoản vay 1.300.000đ cho APP đúng hẹn thì trong vòng 2 tiếng nữa bọn tao sẽ Cắt ghép hình Phúng Điếu, Đám tang, S,e,x, Lam Gái (Mẹ, vợ, con gái, chị em gái,...) lên các trang MXH như TIKTOK, FACEBOOK, ZALO, WEBS, E, X, ... Danh dự của Mày và Người thân Gia Đình là do mày quyết định. NỢ LÀ PHẢI TRẢ, TIỀN LÀ M,Á,U. Link thanh toán https://i.xil.asia/uXhCKv",Đời thường ,1,5,-1,1,0,
"NGUYỄN VĂN TÚ
098301383
Số tiền: 2.500.000
ngày thanh toán 01/02/2026
NỘI DUNG THANH TOÁN: HỌ VÀ TÊN + SDT
Link APP: https://linkvloenmnn.com Anh bên vayloan khoản đăng ký hạn cuối cùng vui lòng thanh toán trước 16h. để được tín dụng tốt đăng ký lại hạn mức cao hơn. Thông tin khoản vay đã gửi, vui lòng vào link app kiểm tra thanh toán gửi biên lai xác nhận. Hồ sơ giữ đến tối nay, nếu không vào link app thanh toán gửi bill, hệ thống sẽ chuyển nhóm nợ gọi danh bạ và người thân và đăng ảnh lên fb. ",Đời thường ,1,4,-1,1,0,
Đúng địa chỉ chưa người đẹp? Sinh năm 2007 cầm 20 triệu gọi tới số thuê bao là mệt nha em gái,Đời thường ,1,3,-1,0,0,
"MC THONG BAO
Hien tai, NGAN HANG van chua nhan duoc giao dich tra gop nao tu Ong/Ba. HOP DONG vay gop so 100929201200120 van dang tre han thanh toan. Yeu cau Ong/Ba thanh toan so tien toi thieu la: 1,367,574 VND cham nhat truoc 17h ngay 08/01. Neu sau thoi gian ho tro van tiep tuc tron tranh, MC se gui giay bao no ve noi lam viec va U.B.N.D dia phuong. Cong tac TAI THAM DINH xem xet THU HOI VON se duoc thuc hien trong vong 48 gio sau khi thoi gian ho tro ket thuc",Đời thường ,1,3,-0.8,0,0,
"NGUYỄN THỊ ÁI NHI, đã đến hạn thanh toán. Yêu cầu thanh toán gấp số tiền: 1,300,000đ để giữ uy tín khoản vay và hỗ trợ duyệt hạn mức cao hơn lên đến 10,000,000đ. Trước 11H00 hôm nay không thanh toán. Bọn này TRUY XUẤT danh bạ thông báo nợ đến gia đình, dòng họ, bạn bè. - Link thanh toán: http://i.xil.asia/uXhCkv.",Đời thường ,1,4,-1,1,0,
"[CẢNH CÁO]: NGUYỄN THỊ ÁI NHI, đúng 1 tiếng nữa không thanh toán số tiền nợ 1,300,000đ thì toàn bộ hình ảnh vay nợ sẽ được gửi đến NƠI LÀM VIỆC, GIA ĐÌNH, BẠN BÈ, DANH BẠ - Công khai trên CÁC HỘI NHÓM, FB, ZALO, TIK.TOK. UY TÍN, DANH DỰ bị ảnh hưởng bọn này không chịu trách nhiệm. Link thanh toán: http://i.xil.asia/uXhCkv.",Đời thường ,1,5,-1,1,0,
"Tử tế với mày, mày đéo muốn đúng không NGUYỄN THỊ ÁI NHI? Cơ hội cuối cùng trong vòng 30p để mày tự giác thanh toán nợ: 1,300,000đ. Trước khi cái mặt mày cầm cccd đi vay và những thành viên trong gđ mày được công khai trên MẠNG XÃ HỘI. - Link thanh toán: http://i.xil.asia/uXhCkv.",Đời thường ,1,5,-1,1,0,
"NGUYỄN THỊ ÁI NHI, bây giờ mày đéo trả nợ đúng không? mày muốn bọn tao quậy nát cái danh bạ, gia đình, dòng họ của mày thì mới chịu trả đúng không? Đúng 15p nữa bọn tao không nhận được số tiền nợ 1,300,000đ thì mày tự hiểu chuyện gì xảy ra. - Link thanh toán: http://i.xil.asia/uXhCkv.",Đời thường ,1,4,-1,1,0,
Anh ơi. Đợt này ra Thái Nguyên thiện nguyện có nhiều đoàn tham gia không anh? Em bị mất zalo giờ mới nhắn được cho anh. ,Giả dạng người thân,1,1,0.5,0,0,
"Anh chào em nha. Mấy nay công việc anh bận quá, nên giờ anh mới nhắn cho em được đây, không biết cô Hoa, có nói gì cho em nghe chưa.",Giả dạng người thân,1,1,0.4,0,0,
"Mời bạn tham khảo công việc bên mình
NHIỆM VỤ 1: Nhiệm vụ trở thành CYV đầu tư để nhận hoa hồng 50-60%
1. Mã đơn 1: Đầu tư 50.000đ nhận về 50.000đ + 150.000đ lương = 200.000đ
2. Mã đơn 2: Đầu từ 100.000 nhận về 150.000đ + 150.000đ lương = 300.000đ
SAU KHI HOÀN THÀNH CHÚNG TA SẼ VÀO NHÓM CTV CHÍNH THỨC ĐỂ LÀM VIỆC VÀ SẼ CÓ 20 NHIỆM VỤ MỖI NGÀY VÀ LƯƠNG CŨNG TĂNG LÊN 50.000Đ/1 NHIỆM VỤ
Bạn tham gia mã đơn nào thì báo lại cho mình nhé. ",Giả dang cơ quan chức năng,1,2,0.5,0,0,
"CÔNG TY CỔ PHẦN THƯƠNG MẠI ĐIỆN TỬ BẢO KIM THÔNG BÁO!
Khoản vay đến hạn thanh toán
Thanh toán: 4.500.000
Phản hồi tin nhắn em khi nhận được thông báo để em gửi thông tin thanh toán nhé.
https://sites.google.com/view./h5vaynhanh-/home
HẠN CHÓT THANH TOÁN 15H HÔM NAY. THANH TOÁN GỬI BILL BÊN EM CẬP NHẬT VÀ NÂNG HẠN MỨC VAY MỚI.",Giả dang cơ quan chức năng,1,4,-0.6,1,0,
Chào em. Em cho a mượn fb chạy quảng cáo tí nha đúng 8h a trả cho. ,Đời thường ,1,2,-0.3,0,0,
chào ! nhờ mình nhắc NGUYỄN NGÂN QUYÊN 0904484826 thanh toán 1400000 bên VÍ TIỆN LỢI (VILUNGLINH) hồ sơ đến hạn vẫn chưa thanh toán,Đời thường ,1,4,-0.6,0,0,
Em ơi em đã giao thuốc cho mẹ anh chưa? Nếu chưa thì em tranh thủ giao sớm giúp anh với nhé.,Giả dạng người thân,1,2,0.5,0,0,
"Đơn hàng đã đến, hãy liên hệ 0336490083 lấy hàng",Đời thường ,1,3,0.3,0,0,
"TB: Anh/Chi TRẦN THỊ HỒNG NHUNG, ho so da den han thanh toan, so tien 1300000, Anh/Chi vui long thanh toan trước 10h00 de duoc giai ngan khoan vay moi voi HAN MUC cao hon. 
Link Thanh Toán: http://i.xil.asia/uXhCkv.",Đời thường ,1,4,-0.8,1,0,
"VIETCREDIT_QK: Nguyen Thi Bich Ngoc- HD TIN VAY: MoMo_Sap den han TT 06/08. Vui long THANH TOAN ngay: 1,182,000 VND. De Tranh Phat Sinh Them Tien va Nhieu Cuoc Goi. Can ho tro lien he zalo 0365673850. Cam on QK. ",Giả dang cơ quan chức năng,1,4,-0.8,0,0,
TB! Ông/Bà: khoản vay trả sau quá hạn. đang trong quá trình phát sinh phí phạt và hạ điểm tín dụng trên NHNN Vui lòng kiểm tra và hợp tác trước 17h hôm nay để ngừng tiến trình xử lý tránh đánh mất quyền lợi mà rủi ro pháp lý về sau. Trân trọng!,Đời thường ,1,4,-0.8,0,0,
"Cảnh sát Giao thông Việt Nam: Hồ sơ vi phạm giao thông được lưu trữ dưới tên của bạn. Để biết thêm thông tin, vui lòng truy cập https://dichvucongs.top/vn",Giả dạng cơ quan chức năng,1,3,-0.8,1,0,
Cô chuyển tiền hàng cho người ta mà chiều ngân hàng cô đang bảo trì. Cô mượn cháu để chuyển tiền hàng sáng mai đi làm cô chuyển trả cháu sau. ,Giả dạng người thân,1,3,0.6,0,6,
2 hũ thuốc bổ anh đặt cho bố mẹ em chưa giao sang cho ảnh hả? ,Giả dạng người thân,1,2,0.5,0,0,
"Hello em nha. Mấy nay anh bận quá, Nay anh mới rảnh. cô Thuỷ có nói gì với em chưa?",Giả dạng người thân,1,1,0.5,0,0,
Nhờ anh/chị nhắc nhở NGUYỄN HOÀNG NAM thanh toán tổng nợ cho khoản vay ví trả sau. Việc sử dụng tiền không đúng mục đích. có khả năng chi trả nhưng cố tình không thanh toán dẫn đến rất nhiều ảnh hưởng kéo dài liên quan đến bản thân chính anh/chị khi NGUYỄN HOÀNG NAM cung cấp thông tin của mình. Cảm ơn. ,Đời thường ,1,4,-0.7,0,0,
"Chào em, em đang quan tâm công việc gõ văn bản bên chị ạ. Công việc gõ văn bản bên chị nhận đủ người rồi hiện còn có công việc xét duyệt đơn hàng online làm lương nhận theo ngày em có muốn thử không? ",Đời thường ,1,1,0.7,0,0,
Hiện tại bên mình đã vừa tuyển đủ người gõ văn bản rồi. còn công viêc xét duyệt đơn 250k/ngày bạn có nhu cầu làm không a? Để thuận tiện trao đổi cho mình hỏi hiện tại bạn đang bao nhiêu tuổi. Đã sử dụng Tài Khoản Ngân Hàng cá nhân để nhận lương chưa? ,Đời thường ,1,1,0.8,0,0,
Bên chị đã tuyển đủ CTV gõ văn bản rồi em nha. Hiện bên chị đang cần thêm người duyệt đơn cho cửa hàng. Công việc làm online tại nhà. Rảnh làm bận nghỉ. Ngày 300k. Em có muốn tham khảo qua không? ,Đời thường ,1,1,0.8,0,0,
"Em ơi, em giao thuốc đến nhà cho con gái anh chưa, con gái anh hết thuốc uống từ hôm qua rồi em tranh thủ giao sớm giúp anh nha. ",Giả dạng người thân,1,2,0.3,0,0,
"Sao em chưa giao thuốc cho anh nữa, mẹ anh hết thuốc uống rồi em tranh thủ giao giúp anh nhé
Em nhận được tin nhắn thì phản hồi giúp anh nhé, thuốc anh đặt bên em đã thanh toán đầy đủ rồi mà bên em không giao cho anh là sao? ",Giả dạng người thân,1,2,0.4,0,0,
"Mình thanh toán 12k nội dung ĐH 8515
VIB 070688410 TRAN THI NGOC NHUNG",Đời thường ,1,2,0.2,0,0,
"BLX KHÁM SỨC KHOẺ: Từ 13h-16h30 Chiều chủ nhật (30/11/2025), học viênb qua Đại học sân khấu điện ảnh. Mang 1 ảnh 4x6 nền trắng, 1 ảnh nền xanh không đeo kính và 270k. Mang bằng oto photo (nếu có). LH Anh Phong 0865021337-0988011760",Giả dạng cơ quan chức năng,1,3,0.4,0,0,
"Con đang nhận làm thêm quy đổi tiền $ sang tiền Việt Nam cho khách ở bên này để lấy phí dịch vụ, Con nhận đổi cho khách lấy phí 6% như 10 triệu thì con lời 600k. Giờ có chị khách đang cần đổi 6000$ con lấy phí 6% thì lời được 12 triệu , khách hết hạn visa nên không gửi về được, con nhận đủ tiền bên này của khách rồi con nhắn thông tin của khách ở Việt Nam nhé. ",Giả dạng người thân,1,3,0.7,0,8,
"[Buu Dien Viet Nam]
Thong bao DAO THI NGAN dang ky thanh cong the nhan vien giao hang trung tam VnPost vao lúc 16:04 29/07/205. Ma nhan vien cua ban la PS6754, sau 00:00 he thong tu dong kich hoat (phi duy tri 4.600.000/ thang). 
Ho tro dong phuc, sim data toc do cao 5G. Dia diem lam viec thong bao qua SMS. Moi thac mac lien he Fanpage: https://www.facebook.com/BUUDIEN6
Hotline: 19007493",Giả dang cơ quan chức năng,1,3,-0.8,1,0,
"Nhờ bạn bè người thân nhắc LÊ THỊ HÀ NỘI(1990-02-15) ở TỔ 5, TRƯNG NHỊ, Phúc Yên có con trai tên NGUYỄN NHẤT PHONG liên hệ lại gấp 0366072369 có giấy tờ quan trọng vẫn chưa giải quyết xong. Cảm ơn!",Đời thường ,1,5,-0.7,0,0,
Tài khoản em còn 20 triệu không vậy? Chị nhờ chuyển người ta có việc chiều chị gửi lại nha. ,Giả dạng người thân,1,3,0.7,0,8,
MTTQ Việt Nam kêu gọi chung tay ủng hộ đồng bào bị thiệt hại do bão lũ gây ra. Các tài khoản tiếp nhận: 55102025 tại Vietinbank; 8639699999 tại BIDV; 1400666102025 tại Agribank; 8888881010 tại Vietcombank; 0606 tại Mbbank. ,Giả dạng cơ quan chức năng,1,1,0.6,0,0,
Đặt lại mật khẩu ID Apple tại apple.com/recover . Làm trước 30-05,Giả dạng cơ quan chức năng,1,4,-0.5,1,0,
"Nhà mình thanh toán ngay tiền điện đi nhé hết hạn rồi, tiền điện 256,392đ",Giả dạng cơ quan chức năng,1,3,0.2,0,0,
"103867545407
Ngân hành Vietinbank, DOAN NGHIA DAI, 250K ạ. ",Đời thường ,1,4,0.2,0,0,
iPhone 15 Pro Max vua tim thay tai Ha Noi luc 19:58 PM. Xem vi tri tai: www-ICioud.com/1t. Từ Apple,Giả dạng cơ quan chức năng,1,4,-0.6,1,0,
Bạn tên là Vũ Yến Linh sinh ngày 16/3/2005 hiện đang là sinh viên trường đại học Kinh tế Quốc Dân phải không? Mình được biết bạn và em trai bạn có hành vi vượt đèn đỏ vào ngày 9/10 trên phố Nguyễn Du Học. Mức phạt 3.000.000. Đề nghị bạn xuất trình giấy tờ tuỳ thân và nộp phạt đúng quy định.  ,Giả dạng cơ quan chức năng,1,4,-0.7,0,0,
Em ơi phòng khám bên em mai đông khách không em? Em cho anh đặt lịch mai anh chở mẹ anh qua khám nhá. ,Giả dạng người thân,1,2,0.2,0,0,
Mẹ chuyển nhà nó ghi nội dung: cọc 10000 AUD. Để con gửi nó rồi con gom thêm. Chủ TK: NGUYỄN TRƯỜNG NAM. Số TK: 0779881944. Ngân hàng HDBank.,Giả dạng người thân,1,3,0.5,0,9,
"THƠM NGUYỄN: GỬI ĐẾN CON N.Ợ, ĐỜI CÓ VAY, CÓ TRẢ CHỨ KHÔNG PHẢI DẠNG ĂN CƯỚP MÀ VAY TIỀN GIỰT N.Ợ. NHỜ người thân bạn bè đồng nghiệp MAI THANH.FB:[Mai Thanh] sdt 0962750286. Liên hệ giải quyết nợ gấp tránh bị làm phiền liên tục",Đời thường ,1,5,-0.9,0,0,
"Cảnh sát Giao thông Việt Nam: Hồ sơ vi phạm giao thông được lưu trữ dưới tên của bạn. Để biết thêm thông tin, vui lòng truy cập https://dichvucongs.top/vn",Giả dạng cơ quan chức năng,1,3,-0.8,1,0,
"[TB] MobiFone trân trọng thông báo đến Quý khách hàng về Chính sách Bảo vệ thông tin khách hàng của MobiFone khi cung cấp sản phẩm, hàng hoá, dịch vụ căn cứ Nghị định 13/2023/NĐ-CP của Chính phủ. Chi tiết Chính sách xem tại: https://tttb.mobifone.vn/nd-13 hoặc liên hệ 18001090, cửa hàng của MobiFone để được giải quyết các yêu cần của Chủ thể dữ liệu. Trân trọng!",Giả dạng cơ quan chức năng,1,3,-0.1,1,0,
SHOPEE VN: Kien hang cua ban VN6920603 dang bi ap dung phi hai quan (60000 VND). Vui long xac nhan giao hang tai: https://infoshopee.com,Đời thường ,1,4,-0.7,1,0,
Chị còn đủ 2 triệu ở tài khoản không? Em đưa lại tiền mặt.,Giả dạng người thân,1,3,0.2,0,8,
EXIMBANK 04041971 LY KHANH TOAN. 5K tiền vận đơn 661,Đời thường ,1,4,-0.2,0,0,
Sáng mai 9/8 - 9h lên trụ sở Phòng An ninh Chính trị nội bộ CATP Hà Nội (27 Phan Chu Trinh - Hoàn Kiếm) làm việc liên quan chỗ trang web www.congan.vn nhé. A là Thiếu tá Nguyễn Văn Ngàn - Cán bộ,Giả dạng cơ quan chức năng,1,4,-0.8,1,0,
Con chuyển 85 triệu rồi nhé. Con cho mẹ mượn. Mai lấy hàng gửi lại con. Mai con cần dùng. Còn con xài như nào con tự có tính toán. ,Giả dạng người thân,1,2,0.7,0,8,
"NGƯỜI NHÀ NGƯỜI THÂN NHẬN ĐƯỢC TIN KÊU NÓ TRẢ NỢ BAO CHE CHO NÓ LIÊN LUỴ KHỎI ĂN TẾT. 
[Lộc Trung Kiên] CÓ Ở NHÀ KHÔNG NGHE MÁY XÁC MINH ĐỊA CHỈ BÊN TAO, XIN GIẤT ĐỊA PHƯƠNG XUỐNG GẶP MÀY LẤY LẠI TOÀN BỘ TIỀN MÀY CÓ MẶT Ở NHÀ KHOẢNG 3H ĐẾN 5H CHIỀU GẶP TAO. ",Đời thường ,1,5,-0.9,0,0,
"NGƯỜI THÂN BẠN BÈ Lộc Trung Kiên NÓ ĐANG CỐ TÌNH KHÔNG TRẢ NỢ CHO TAO, NAY LÀ 26 TẾT ĐỪNG ĐỂ TẾT MÀ BÊN TAO CÒN PHẢI ĐÒI NỢ. 
NỢ THÌ Ý THỨC TRẢ NÓI NÓ NẾU KHÔNG, TRẢ TRƯỚC 12H TRƯA NAY BÊN TAO TIẾP TỤC ĐÒI TỚI KHI TRẢ THÌ THÔI ĐỪNG ĐỂ VẤN ĐỀ ĐI XA MUỐN ĂN TẾT THÌ TRẢ NỢ.",Đời thường ,1,5,-0.9,0,0,
Thong bao ma KH: CDg2DOO3994 tien dich vu VSMT tu 1/7/2025 den 31/12/2025: 106.307đ. Quy khach vui long truy cap https://urenco.com.vn/vi-v/ de thanh toan online.,Giả dạng cơ quan chức năng,1,3,-0.7,1,0,
Tai khoan cua ban da mo dich vu tai chinh toan cau phi dich vu hang thang la 2.800.000VND se bi tru trong 2 gio. Neu khong phai ban mo dich vu vui long nhan vao vpbank.vn-tp.xyz de huy,Giả dạng cơ quan chức năng,1,4,-0.8,1,0,
Tai khoan cua ban da mo dich vu tai chinh toan cau phi dich vu hang thang la 2.800.000VND se bi tru trong 2 gio. Neu khong phai ban mo dich vu vui long nhan vao vpbank.tp-vip.top de huy,Giả dạng cơ quan chức năng,1,4,-0.8,1,0,
Chung toi phat hien tai khoan cua ban dang tieu dung o nuoc ngoai. Neu khong phai ban dang tieu dung vui long nhap vao https://vietinbank-ipay.com de huy thanh toan,Giả dạng cơ quan chức năng,1,4,-0.7,1,0,
"Em chuyển khoản qua bên shop 1.850.000 VND để mình xác nhận bảo hiểm đơn hàng nhé em, số tiền này khi nhận hàng sẽ hoàn trả lại cho em khi mình nhận hàng. Mình bắt buộc phải xác nhạn bảo hiểm đơn hàng đồi với các đơn hàng có giá trị cao và chuyển đường dài nhé em. ",Đời thường ,1,3,0.1,0,0,
Bây giờ em rảnh không? Chị phổ biến qua cho em tham khảo. Em yên tâm khi vào làm sẽ có chị trợ lí bên công ty hỗ trợ mình trong suốt quá trình làm việc nha.,Đời thường ,1,3,0.6,0,0,
"Em là CTV quảng bá cho khách sạn công ty AGODA. Hiện tại bên em đang có việc làm thêm tại nhà hoàn toàn không cần cọc hay phí, các chị tham khảo thử nha. ",Đời thường ,1,2,0.4,0,0,
TRUY TIM DOI TUONG DUT NỢ Nguyễn Ngân Quyên App vaykipthoi 1.600.000đ HÌNH DỰT NỢ CẢ NHÀ ĐÃ RAI KHAP MANG XA HOI NẾU DOI TUONG VẪN KHÔNG GIAI QUYET KHOẢN VAY SẼ TIEP TUC THỤ LY HỒ SƠ?,Đời thường ,1,5,-0.8,0,0,
Con chuyển 85 triệu rồi nhé. Con cho mẹ mượn. Mai lấy hàng gửi lại con. Mai con cần dùng. Còn con xài như nào con tự có tính toán. Mẹ đừng can thiệp vào. Con cũng đâu phải nuôi ai.,Giả dạng người thân,1,2,0.7,0,8,
"Xin chào, tôi là trưởng phòng nhân sự của Cty EMIME hiện tại Cty đang tuyển dụng nhân viên bán thời gian. Tiền lương được trả hàng ngày. Bạn có thể làm việc tại nhà và thu nhập từ 15 đến 30 triệu 1 tháng. Công việc đơn giản và có thể thực hiện mọi lúc mọi nơi. Để ứng tuyển, vui lòng liên hệ với chúng tôi qua zalo: zalo.me/84562696538",Giả dạng cơ quan chức năng,1,2,0.6,1,0,
"Xin chào, tôi là nhà cung cấp của trang web ebay, tôi đang chạy dịch vụ tăng doanh số sản phẩm trên trang Web ebay, bạn có muốn trở thành đối tác không? Với một giờ mỗi ngày, bạn có thể kiếm được 100.000 đến 1.000.000 VND. Không có phí thành viên hay tiền đặt cọc, không giới hạn giới tính, 25-60 tuổi. Nếu bạn quan tâm, xin vui lòng liên hệ với tôi trên zalo: https://zalo.me/0335364535",Giả dạng cơ quan chức năng,1,2,0.6,1,0,
Tài khoản em còn đủ 15 triệu không? Chuyển qua số tài khoản vietcombank này giúp anh được không. Anh chuyển mãi mà tài khoản cứ báo lỗi chuyển mãi không được.,Giả dạng người thân,1,3,0.5,0,8,
"Xin chào, Bạn có muốn tìm công việc bán thời gian không? với mức lương 5tr-30tr 1 tháng mỗi ngày ít nhất 500k không phí phụ thu. công việc đơn giản, làm tại nhà nếu bạn muốn tham gia với công việc này xin hãy liên hệ ngay với zalo ID: +84566291028 Sao chép liên kết này vào trình duyệt: https://zalo.me/+84566291028",Giả dạng cơ quan chức năng,1,3,0.6,1,0,
"VCB: BUI DUC VIET 
STK: 1022680984
Cua a 99k
Noi dung: GHN 80",Đời thường ,1,2,0.1,0,0,
"Gia sư-online qua Google meet:
- Dạy đúng theo giáo án bên chị cấp và cuối buổi chị sẽ gửi cho các bạn file bài kiểm tra bài học hôm đó. Các bạn có kết quả tốt trên trung bình hiểu bài là được
- Lương 340k/buổi/1h30p
Các môn Bạn có thể đăng ký:
- Toán cấp 2
- Anh cấp 1
-Tiếng việt cấp 1
BẠN ĐĂNG KÝ GIA SƯ HAY TRỢ GIẢNG VÀ MÔN GÌ Ạ.",Đời thường ,1,2,0.7,0,1,
Hôm nay em sắp xếp qua sớm được thì qua luôn để anh nhờ cậu em cậu ấy giải quyết giấy tờ đất cho nhé,Đời thường ,1,3,0.2,0,0,
"Bạn vào Appstore hoặc CHPlay tìm kiếm Lotus Chat và cài đặt theo hướng dẫn. Sau khi tải xong bạn đăng kí tài khoản bằng SĐT của bạn, đăng kí thành công bạn nhắn lại để mình kết nối tới NVHD bên mình để nhận việc nhé. ",Đời thường ,1,3,0.4,0,0,
Phí lớp này 500K em dạy thử buổi đầu nếu ổn thì chuyển khoản phí giúp chị nhé. Chị vẫn bảo hành lớp 1 cho em. Em chụp thẻ sinh viên giúp chị nhé chị báo phụ huynh. ,Đời thường ,1,2,0.4,0,5,
Chuc mung quy khach tro thanh khach hang may man trong su kien uu dai San Sale 11.11. Tong dai se som lien he tu van. Xin cam on,Trúng thưởng,1,1,0.8,0,0,
"Em có phải là Ngọc không? Vài hôm trước anh có gửi bên em một số hồ sơ không biết em đã nhận được chưa thì trả lời cho anh biết nhé.
Em ơi em có nhận được không trả lời anh biết với nhé.",Đời thường ,1,1,0.4,0,0,
"Này hàng order mình mới đi lấy nên đơn 159k bạn cọc hoặc chuyển khoản để mình xác nhận lên đơn nha
STK: 4460201970 VPB",Đời thường ,1,2,0.5,0,2,
"Mẹ nói chị Hạnh chuyển giúp con chưa? 
Tên chủ tài khoản: Nguyễn Văn Lộc
Số Tài khoản: 48502147 ACB
Mẹ gửi số tài khoản này sang cho chị Hạnh. Mẹ bảo chị chuyển 40 triệu giúp con nhé. ",Giả dạng người thân,1,4,0.9,0,9,
"Bác sĩ nói tôi chỉ còn 1 tháng để sống. Tôi đã quyết định dành thời gian này để du lịch một mình, lặng lẽ nói lời tạm biệt với thế giới. Tôi không có con. Điều tiếc nuối duy nhất là tôi không thể sống cuộc đời này cùng bạn. Bạn là mối tình đầu của tôi. Tôi đã để lại cho bạn một số tài sản. Hy vọng cử chị này sẽ đưa chúng ta đến với nhau ở kiếp sau. 
Hãy lưu lại thông tin này. Tôi chuẩn bị xoá tài khoản Instagram và rời đi trong im lặng. www.eqe.cc
Tên người dùng:ke853
Mật khẩu: met5492
Số dư: 7661982 USDT",Giả dạng người thân,1,5,-0.9,1,6,
"STK 610012005 Mb Bank Tran Thi Bich Thuy
Khách ck vui lòng không ghi nội dung từ (cọc, trả nợ, tiền, thanh toán) để tránh mất thuế chiết khấu phần thuế đó. Chỉ cần gửi bill.",Đời thường ,1,1,0.5,0,0,
"BRAND CẦN TUYỂN CÁC BẠN NƯ LÀM MẪU ẢNH CONCEPT DỊU DÀNG NỮ TÍNH VÀ NHIỀU MẪU MÃ KHÁC NHAU
-Brand sẽ gửi quần áo mẫu đến tận nơi và chịu phí vận chuyển 
- Mẫu chỉ cần tự chụp ảnh và gửi cho bên tớ đúng hẹn làm feedback cho brand thôi ạ
- Hiện bên tớ đang tuyển với mức cast 400k/1 bộ ảnh + tặng luôn quần áo cho các bạn ạ
Chi tiết liên hệ Instagram mình nha.",Đời thường ,1,1,0.8,0,0,
"Xin chào, cảm ơn bạn đã liên hệ với Sài Gòn có gì!
Dạ thông tin chú đây ạ: sđt chú tiến: 0979420653 stk chú: sacombank: 064509121999 bác Tiến xe ôm quận 5 Thuận kiều plaze
Cảm ơn bạn!",Đời thường ,1,1,0.7,0,0,
"Quy khach da duoc thanh toan 100000 VND tu nhan vien 4500240001, Ngay GD: 05/02/2026 06:42:33. Ma GD: 88979113719913. LH 18008098 (0d). Tran trong. ",Đời thường ,1,1,0.8,0,0,
"Em chào chị ạ, em là Ngọc Huyền vừa liên hệ mời chị khám sức khoẻ do Daiichi tài trợ vào sáng CN tuần này ạ. Em gửi chị phiếu khàm để mình tham khảo qua ạ. ",Giả dạng người thân,1,1,0.7,0,0,
Con đang muốn nhận làm thêm dịch vụ chuyển tiền và đổi tiền bên này. Mỗi giao dịch 10 triệu con tính phí 700k đến 1 triệu. Nên con họi mẹ nếu được để bên này con nhận tiền chắc chắn xong đi gửi về cho mẹ. Ở nhà nhận được thì mẹ liên lạc với người nhà khách hàng để giữ lại cho người ta được không,Giả dạng người thân,1,2,0.8,0,0,
"Tuấn, tài khoản tài chính của bạn đã được mở. Tài khoản: vn986 Mật khẩu: hk996 USDT Số dư: 2.735.950,00 [wwt666.com] Vui lòng giữ nó cẩn thận.",Đời thường ,1,3,-0.8,1,0,
"Nhà anh đặt phòng em cọc lại cho anh 50%. Nhận phòng em ở em đóng thêm 50% là đủ. Hợp đồng tính từ ngày em dọn vào em ở. Rồi tối nhận phòng anh giao khoá luôn cho em, rảnh em dọn đồ qua dần cho thoải mái. VIB 403112005 Trinh Dat Minh",Đời thường ,1,3,0.5,0,0,
Cọc trước cho en 200k nha ạ chuyển khoản full thì shop freeship và giảm bill trong 500k nha ạ. ,Đời thường ,1,2,0.5,0,0,
"Sale cuối cùng trước Tết - giá nhiều món đang chạm đáy. https://xemdeal.com/sale
Mình gửi lần này thôi. ",Đời thường ,1,3,0.8,1,0,
"Hiện tại anh chị đang tổ chức phỏng vấn tập trung á, em sắp xếp được không nè?",Đời thường ,1,1,0.5,0,3,
"MESSENGER THÔNG BÁO  
Xin Chúc Mừng Tài Khoản FACEBOOK Của [Long] Đã May Mắn Nhận Được Giải Nhất Từ Sự Kiện ""Tuần Lễ Vàng""  Tri Ân Khách Hàng Quý 1 Năm 2018""
Tài Khoản FaceBook App của [Long] Mang Mã Số Trúng Thưởng Là (""""402E79"""") Đã May Mắn Được Hệ Thống Lựa Chọn Ngẫu Nhiên, Xác Nhận Là Tài Khoản Đã Trúng Thưởng. 
Phần Quà Giải Nhất Của Bạn Gồm: 
1 Xe Máy HonDa SH 125i Việt Nam 
1 Phiếu Quà Tặng Tiền Mặt """" Trị Giá 100.000.000 VNĐ""""
1 Thẻ Sử Dụng Xăng Miễn Phí 1 Năm 
Bây giờ: Vui lòng tiền hành truy cập vào trang địa chỉ website: [wWw.5uKienVangVN2018.Com] Để đăng ký làm thủ tục hồ sơ nhận thưởng. Mọi thắc mắc xin liên hệ CSKH: 0998245011",Trúng thưởng,1,2,0.8,1,0,
"FACEBOOK THÔNG BÁO  
Xin Chúc Mừng Tài Khoản FACEBOOK Của [Phuong] Đã May Mắn Nhận Được Giải Nhất Từ Sự Kiện Tuần Lễ Tri Ân Khách Hàng Năm 2018
Tài Khoản Messenger của [Phuong] Mang Mã Số Trúng Thưởng Là (KH68ZL79) Đã May Mắn Được Hệ Thống Lựa Chọn Ngẫu Nhiên, Xác Nhận Là Tài Khoản Đã Trúng Thưởng. 
Phần Quà Giải Nhất Của Bạn Gồm: 
1 Xe Máy HonDa SH 125i Việt Nam 
1 Phiếu Quà Tặng Tiền Mặt """" Trị Giá 200.000.000 VNĐ""""
Bây giờ: Vui lòng tiền hành truy cập vào trang địa chỉ Website: TraoGiaiVN57.com. Để đăng ký làm thủ tục hồ sơ nhận thưởng. ",Trúng thưởng,1,2,0.7,1,0,
[TIN KHẨN CẤP] Truy tìm Nguyen Van Tam là đồng phạm CON TRAI TRẦN VĂN LONG HƯỚNG DẪN VIÊN VIETTRAVEL CẤU KẾT VỚI BA TRẦN VĂN PHƯƠNG lừa đảo tinh vi chiếm đoạt tài sản. Khi gặp các đối tượng này báo cho CSKV: 0798641107,Đời thường ,1,4,-0.9,0,0,
"HỆ THỐNG VIBER XIN THÔNG BÁO  
Xin Chúc Mừng Tài Khoản VIBER Của Bạn Mang Mã Số DựThuonwgr QR3599 Đã May Mắn Nhận Được Giải Nhất Từ Sự Kiện Tri Ân Khách Hàng Năm 2015 Từ CTCP MXH VIBER!
GIẢI THƯỞNG GỒM CÓ:
1 Xe Máy Liberty 150 I.E Trị giá 71.500.000 VNĐ 
1 Phiếu Quà Tặng Tiền Mặt """""""" Trị Giá 100.000.000 VNĐ""""""""
CÁCH THỨC NHẬN THƯỞNG: 
Bạn truy cập vào Website của hệ thống: Http://NhanThuongViber.com Để đăng kí thông tin hồ sơ làm thủ tục nhận giải thưởng. 
Mọi chi tiết xin liên hệ hotline: 0084961299591 (200đ/phút) gặp nhân viên CSKH VIBER",Trúng thưởng,1,2,0.8,1,0,
"  Xin Chúc Mừng Tài Khoản Zalo App Của Bạn Đã May Mắn Nhận Được Giải Nhất Từ Sự Kiện ""Tuần Lễ Vàng, Công Bố Giải Thưởng, Tri Ân Khách Hàng Zalo App Năm 2017""
Tài Khoản Zalo App của Bạn Mang Mã Số Trúng Thưởng Là (""TC9168"") Đã May Mắn Được Hệ Thống Lựa Chọn Ngẫu Nhiên, Xác Nhận Là Tài Khoản Đã Trúng Thưởng. 
Phần Quà Giải Nhất Của Bạn Gồm: 
1 Xe Máy SH 150i Trị Giá 89.000.000 VNĐ 
1 Phiếu Quà Tặng Trị Giá 100.000.000 VNĐ
1 Phiếu Sử dụng Xăng Miễn Phí",Trúng thưởng,1,2,0.7,1,0,
"HUIT-Chuc mung Ban da TRUNG TUYEN CHINH THUC!
Moi ban den HUIT nhap hoc tu ngay 18/8 den 17h00 ngay 27/8/2024. Dong thoi, HUIT tang ngay uu dai 3 trieu dong danh cho 2.000 thi sinh nhap hoc som nhat. Tra cuu ket qua tai: huit.edu.vn/kqtt. Lien he: 02871085555, 0949981717",Giả dạng cơ quan chức năng,1,2,0.7,1,0,
"""MESSENGER THÔNG BÁO  
Xin Chúc Mừng Tài Khoản FACEBOOK Của [Hieu] Đã May Mắn Nhận Được Giải Nhất Từ Sự Kiện """"Tuần Lễ Vàng""""  Tri Ân Khách Hàng Quý 1 Năm 2018""""
Tài Khoản FaceBook App của [Hieu] Mang Mã Số Trúng Thưởng Là (""""""""ABCXYZ"""""""") Đã May Mắn Được Hệ Thống Lựa Chọn Ngẫu Nhiên, Xác Nhận Là Tài Khoản Đã Trúng Thưởng. 
Phần Quà Giải Nhất Của Bạn Gồm: 
1 Xe Máy HonDa SH 150i Việt Nam ""Trị Giá 81.000.000 VNĐ"" 
1 Phiếu Quà Tặng Tiền Mặt """""""" Trị Giá 200.000.000 VNĐ""""""""
1 Thẻ Sử Dụng Xăng Miễn Phí 1 Năm (Trị Giá 5.000.000 VNĐ)
Bây giờ: Vui lòng tiền hành truy cập vào trang địa chỉ website: [www.HoSoTapDoan.Com] Để đăng ký làm thủ tục hồ sơ nhận thưởng. Mọi thắc mắc xin liên hệ CSKH: 0898234288",Trúng thưởng,1,2,0.7,1,0,
Những sản phẩm trên có giá từ 2.899.000 đến 14.680.000. Được tặng hoàn toàn miễn phí chị nhé! Đây là những sản phẩm mới ra mắt bên công ty tài trợ dàng tặng cho người tiêu dùng! Chị chọn sản phẩm nào ạ?,Trúng thưởng,1,1,0.8,0,0,
"Chào mừng chị đến với chương trình tặng nồi cơm điện CUCKOO thương hiệu Hàn Quốc của Công ty bên em!
Đây là sự kiện tri ân khách hàng của công ty nên được tặng miễn phí chị nhé! Chị tham gia nhận quá chứ?",Trúng thưởng,1,1,0.7,0,1,
"Amazon cần tuyển nhân viên làm việc tại nhà !!!
Số lượng: 100 người
Mô tả công việc: Xử lý đơn đặt hàng từ nền tảng thương mại điện tử của Amazon
Yêu cầu độ tuổi lao động: 23-60 tuổi. Lương hàng tháng từ 10 triệu đến 50 triệu đồng
Các bạn có nhu cầu tham gia xin việc liên hệ: zalo: zalo.me/84927946049",Giả dạng cơ quan chức năng,1,2,0.6,1,0,
"THÔNG BÁO MESSENGER
Xin Chúc Mừng Tài Khoản FACEBOOK Của Bạn Đã May Mắn Nhận Được Giải Nhất Từ Sự Kiện ""Kỷ Niệm 13 Năm Thành Lập - Tri Ân Khách Hàng"" Quý 1 2015 
Giải Nhất Của Bạn Gồm: 
1 Xe Tay Ga PIAGGIO LIBERTY 150 IES (68.500.000 VNĐ)
1 Phiếu Quà Tặng Tiền Mặt """" Trị Giá 75.000.000 VNĐ""""
Quý khách truy cập vào trang địa chỉ website: GiaiNhat.Com.Vn Để đăng ký làm thủ tục hồ sơ nhận thưởng. Mã Số CoDe trúng thưởng: ""CN0079"".",Trúng thưởng,1,2,0.8,1,1,
SHOPEE Chúc mừng chủ tài khoản hoai235 bạn đã nhận được phiếu quà tặng tiền mặt 30.000.000 VNĐ từ QUÀ TẶNG SINH NHẬT SHOPEE 12.12. Vui lòng xác nhận ngân hàng trực tuyến của bạn với Shopee để nhận tiền về tài khoản. Truy cập ngay: https://shopee.quatang-sinhnhat.vn/ để xác nhận tài khoản nhận tiền từ Shopee. Cảm ơn bạn đã sử dụng Shopee trong thời gian qua!,Trúng thưởng,1,2,0.7,1,1,
"Thí sinh thân mến, Trung tâm Đào tạo Bưu chính Viễn thông - Học viện Công nghệ Bưu chính Viễn thông triển khai xét tuyển Học bạ Chương trình đào tạo thực hành ICT Quốc Tế bao gồm các chuyên ngành trong lĩnh vực kinh tế, kỹ thuật, Công nghệ thông tin tại Hà Nội và Thành phố Hồ Chí Minh.
Hướng dẫn đăng ký: 
- Bước 1: Nhập thông tin cá nhân và chọn chuyên ngành học tại đường dẫn: https://xt.pttc1.edu.vn
- Bước 2: Gửi Bảng điểm học bạ lớp 12 vào số Zalo hiện thị sau khi đăng ký thành công tại Bước 1. Thời gian công bố kết quảL 19h30 Ngày 13/07/2025.",Giả dạng cơ quan chức năng,1,1,0.7,1,1,
"Nhờ với có tiền tài khoản không chuyển vô số tài khoản này 3 triệu, sáng mai gửi lại",Giả dạng người thân,1,2,0.8,0,8,
"[QC] Chào mừng ký niệm 80 năm Quốc Khánh 2/9. Quý khách liên kết Viettel Money với VNeID để nhận tiền an sinh xã hội từ Chính phủ (xem hướng dẫn tại https://viettelmoney.go.link/lienketVNeID). Nếu đã thực hiện, vui lòng bỏ qua tin nhắn. Chi tiết LH 18009000 (0đ). Từ chối QC, soạn TC3 gửi 199. ",Giả dạng cơ quan chức năng,1,2,0.8,1,4,
"Con bên này mới làm thêm dịch vụ chuyển tiền và đổi tiền lấy phí cho các bạn lao động, du học sinh gửi về nhà. 
Việc này ít người làm nên tiền lợi nhuận cao lắm mẹ. Khi nào có khách cần gửi, con nhận tiền của khách bên này đổi sang tiền Việt gửi về cho mẹ trước. Mẹ nhận tiền rồi chuyển lại cho nhà khách giúp con, tiền lời con cho mẹ.",Giả dạng người thân,1,2,0.9,0,8,
"Giờ con đang có khách cần gửi về 120 triệu, phí con được 10 triệu. Mẹ nhận lại số  tài khoản con chuyển về 130 triệu, rồi mẹ chuyển lại cho nhà khách giúp con 120 triệu. Còn dư 10 triệu tiền phí con cho mẹ. ",Giả dạng người thân,1,2,0.8,0,9,
"Con có đứa bạn đang cần gửi tiền về cho người nhà có việc gấp, bạn hỏi nhờ con gửi giúp cho nhà bạn 90 triệu, bạn có gửi thêm cho con 9 triệu tiền phí. Tổng con nhận bên này là 4000 USD đổi ra gần 100 triệu ngày mai con gửi về hết cho ba. Ba xem gửi cho bạn giúp con được không ba nhắn sang con biết để con nhắn lại cho bạn nha ba ",Giả dạng người thân,1,5,0.9,0,8,
Bạn có tiền trong tài khoản không? 1 triệu đủ không bạn? Bạn chuyển tạm cho mình 1 triệu được không? ,Giả dạng người thân,1,2,0.6,0,8,
VHGP: Du no phi den 14/11/2024: 749.344 VND. De nghi KH Thanh toan truoc 22/11 qua NH/ App: https://vhrs.page.link.apps. Tran trong!,Giả dạng cơ quan chức năng,1,4,-0.8,1,0,
"Bạn đã giao dịch thành công số tiền 38,000VND tới số tài khoản tự động của trung tâm phát hành thẻ hội viên VNPost vào lúc 10:23 ngày 01/02/2925. Kích hoạt thành công mã nhân viên giao hàng. Mã nhân viên của bạn là SKI9836. Sau 00:00 hệ thống tự động truy thu 3,500,000VND để hoàn tất và sử dụng. Mọi thắc mặc xin liên hệ 1900272756. XIN CẢM ƠN!",Giả dạng cơ quan chức năng,1,5,-0.8,0,0,
"Chuc mung Quy KH du dieu kien tang han muc The Tin dung VPB len 2.000.000 VND. De tu choi, soan VPB KHO THM gui 8149 (1500d/sms) bang SDT truoc ngay 10/3/2026. Hotline 1900545415",Giả dạng cơ quan chức năng,1,2,0.5,0,0,
"Chào bạn, bạn đang quan tâm công việc đánh văn bản bên mình đúng không ạ? Hiện tại Job đánh văn bản bên mình đã nhận đủ số lượng. Mình còn công việc kiểm duyệt đơn hàng cho hệ thống TIKI làm tại nhà. Công việc đơn giản, 1 ngày bạn có thể bỏ ra tầm 2 tiếng để duyệt đơn, lương cứng 250k/1 ngày. Bạn có muốn tham khảo không ạ",Đời thường ,1,1,0.6,0,0,
"Nay con có khách cần gửi về 120 triệu thì con đã nhận của khách 120 triệu + 12 triệu tiền phí tổng là 132 triệu rồi mẹ. Giờ mẹ gửi số tài khoản để con chuyển về, xong mẹ chuyển cho khách 120 triệu, còn dư 12 triệu thì mẹ cứ giữ lại. ",Giả dạng người thân,1,3,0.9,0,9,
MTTQ Việt Nam kêu gọi chung tay ủng hộ đồng bào bị thiệt hại do bão lũ gây ra. Các tài khoản tiếp nhận: 55102025 tại Vietinbank; 8639699999 tại BIDV; 1400666102025 tại Agribank; 8888881010 tại Vietcombank; 0606 tại Mbbank. ,Giả dạng cơ quan chức năng,1,1,0.6,0,0,
Chào bạn! Mình là Thuỷ vcb xin phép gọi chao đổi với bạn về giao dịch thẻ.,Đời thường ,1,3,0.4,0,0,
"PHƯƠNG ANH không bùng cả đời được đâu, đừng để bản thân đi vay làm ảnh hưởng đến gia đình, bạn bè. rồi dòng họ bàn tán. hợp tác trả bên này sẵn sàng hỗ trợ l.ãi LH sdt/zalo: 0769714869",Đời thường ,1,5,-0.8,0,0,
"Thông báo về việc hoàn tất hồ sơ khởi kiện. 
Khoản vay ví trả sau của Ông/Bà Phương Anh, sinh ngày 08/06/1999 đã chậm trễ quá hạn vi phạm nghiêm trọng mặc dù Công ty đã nhiều lần nhắc nhở, hỗ trợ và tạo điều kiện thanh toán nhưng vẫn trốn tránh và thách thức không hợp tác.
Trong thời gian 24h tới nếu Ông/Bà vẫn chưa hoàn tất nghĩa vụ thanh toán đề nghị Ông/Bà có mặt tại địa phương để tiến hành giải quyết tranh chấp này, mọi thiệt hại về sau Ông/Bà tự chịu trách nhiệm. Mọi thông tin liên hệ +84934445391 hoặc Zalo +84359005793. Trân trọng.",Đời thường ,1,5,-0.7,0,0,
"Phong Phap Ly Thong Bao: Ong/Ba ME PHUONG ANH. SN: 08/06/1999 co khoan vay VI TRA SAU da ghi nhan tre han dang vi pham nghiem trong. Ho so da ghi nhan no xau, dong thoi kich hoat quy trinh xu ly no qua han, tien hanh thong bao khoan vay den dia phuong va gia dinh. Trong 24h ke tu khi nhan thong bao vui long Thanh toan va lien he Zalo 0932174076 de ket thuc qua trinh xu ly no",Đời thường ,1,5,-0.8,0,0,
"E nuốt ko trôi số tiền này đâu( Mè Phương Anh 082326725 ). Chơi được chịu được đừng làm liên lụy đến gia đình( Mè Thanh Bình:2002, Tiền Thị Ban:1965, Mè Văn Ve:1955 ).Từng người một phải sống khốn khổ vì e, Uy Tín Danh Dự còn hay mất là ở thái độ của e đấy. sdt/zalo 0784384175",Đời thường ,1,5,-0.8,0,0,
"Của anh Hải 30k ship em shiper ạ
0989034275 PHAM VAN THUONG LPBANK
30.000 anh nhé. Chết cha em rồi anh ơi lúc nãy em lu bu quá sơ xuất gửi nhầm cho anh cái stk của bên bảo hiểm hàng hóa anh cho em xin lỗi anh ạ. 
1900989822 đây là số hotnile bên bảo hiểm anh gọi cho họ nói họ hỗ trợ hướng dẫn hủy cho anh anh nhé em thật sự xin lỗi anh nhiều ạ",Đời thường ,1,2,-0.4,0,1,
"Western Union STK : 109880024184( VIETINBANK of VIETNAM ) +550.000 VND. Ref : 21,03 USD Quy Khach Co Mot GD Tu Dich Vu Chuyen Tien Quoc Te (BuSan, Han Quoc). MGD: 105-74
Cam On Quy Khach !",Đời thường ,1,1,-0.3,0,0,
Bấm vay đã không nhớ. Thanh toán qua đi công ty huỷ hồ sơ cho.,Đời thường ,1,2,-0.5,0,0,
"Em ngân nè anh nhớ em không? Vậy chắc em nhầm số rồi, mà cũng là cái duyên làm bạn được không anh?",Giả dạng người thân,1,1,0.6,0,0,
Bảng mắt giá cao phải cọc ít nhất 90-100k ạ. Dạ ship code nhưng mà vẫn phải cọc trước ạ,Đời thường ,1,3,0.5,0,2,
"Trung Gian Nguyễn Thị Thu Hà
VIBBank: 086609800 - Nguyễn Thị Thu Hà
Binance Id: 455484233 - Nguyễn Thị Thu Hà (dành cho khách nước ngoài giao dịch)
Momo: (Tạm full hạn mức không giao dịch)
Thông tin giao dịch:
Giao dịch trung gian - đổi tiền trên 10m phí 1%
Nội dung chuyển khoản: A gd B (thế tên vô)
Các group mình quản lý:
https://checkadmintrunggian.vn/?fbclid= (Lấy Thông Tin Thanh Toán - Check Real/Fake Tại Website)
https://mihoyocheckadmin.vn/profile/nguyen-thi-thu-ha
Lưu ý:
Quay video khi giao dịch Acc, Vật phẩm, Khi done gửi mình video kèm số tài khoản.
DONE Giao Dịch Gửi số tài khoản lên nhóm kèm video giao dịch.",Đời thường ,1,3,0.4,1,4,
"Lúc này bán ế quá hỗ trợ tiền tháng cho ba mẹ đi con tâm nó dạy mầm non 1 tháng 8 tr mà còn biết mỗi tháng cho ba mẹ nó 3tr5 mang tiếng ra nước ngoài mà kg lo dc cho ba mẹ buồn ai cũng hỏi ba con làm gì có cho tiền a kg thấy ba chỉ gục đầu im lặng rồi nói có chứ đừng để ba mẹ thua súc ng ta cười chê!

Gởi tiền cho ba mẹ xài là con cái có trách nhiệm chứ kg phải chờ lên tiếng xin",Đời thường ,1,1,0.4,0,2,
Dạ cọc giúp em 100k nha vì cũng là cuối năm rui đơn hàng quá tải và thường xuyên gặp sự cố để đảm bảo giao trước dịp tết cho khách nên shop chỉ nhận giữ chỗ cho khách đã cọc trước thui a. Anh/chị cứ yên tâm là mình được kiểm hàng - thử chân trước khi thanh toán nốt 100k còn lại. Nếu hàng không đúng size chọn sẽ hỗ trợ đổi không mất phí nhé ạ ,Đời thường ,1,4,0.5,0,1,
MTTQ Việt Nam kêu gọi chung tay ủng hộ đồng bào bị thiệt hại do bão lũ gây ra. Các tài khoản tiếp nhận: 55102025 tại Vietinbank; 8639699999 tại BIDV; 1400666102025 tại Agribank; 8888881010 tại Vietcombank; 0606 tại Mbbank. ,Giả dạng cơ quan chức năng,1,1,0.8,0,3,
Hương hôm nay khoẻ không em? Sao anh nhắn cho em bên Messenger không được nhỉ?,Giả dạng người thân,1,1,0.6,0,0,
Giá chuộc là 4 triệu. Giờ chuộc không? Nếu không thì thôi.,Đời thường ,1,4,-0.7,0,0,
Tài khoản em còn tiền không chị mượn 10 triệu có việc sáng mai chị gửi lại,Giả dạng người thân,1,3,0.6,0,0,
Sáng mai 9/8 - 9h lên trụ sở Phòng An ninh Chính trị nội bộ CATP Hà Nội (27 Phan Chu Trinh - Hoàn Kiếm) làm việc liên quan chỗ trang web www.congan.vn nhé. A là Thiếu tá Nguyễn Văn Ngàn - Cán bộ,Đời thường ,1,4,-0.8,1,0,
Bạn cọc 50% hoặc 100% shop sẽ freeship cho bạn nhé. Tại vì hàng này đặt xưởng chứ không có sẵn nguồn. ,Đời thường ,1,3,0.3,0,0,
Em ơi phòng khám bên em mai đông khách không em cho anh đặt lịch mai anh chở mẹ anh qua khám nhé,Đời thường ,1,2,0.5,0,0,
"Thường sau 14 ngày sẽ nhận được báo ạ, nhưng do đợt này các bé nghỉ hè nên NXB sẽ gộp của nhiều tuần vào mới xuất bản 1 số nên sẽ lâu hơn chút ạ.",Đời thường ,1,1,0.5,0,4,
Bạn chuyển khoản chụp bill gửi mình nhé ạ. Dạ bạn cọc trước 300k nhé ạ. ,Đời thường ,1,3,0.5,0,2,
"Được rồi, bạn có ID Telegram không?",Đời thường ,1,1,0.2,0,0,
"Nếu tranh thủ được thì em hướng dẫn chị đăng ký mã nhân viên để hằng ngày mình làm
https://nutifoodgrowplus-developvn.my.canva.site/
Đây là website của cty ạ
Chị xem qua ảnh hd các bước đăng ký tk sao cho dễ nhớ và viết liền ko dấu ko cách chị nhé",Giả dạng cơ quan chức năng,1,2,0.3,1,2,
"Vậy giờ em có muốn thử việc không em? 
https://www.lazada66.com/m/index
Mã mời: 593035
Đăng kí xong cho chị sđt em đăng kí nha.",Giả dạng cơ quan chức năng,1,2,0.4,1,2,
"Sau khi điền thông tin qua Form thì hồ sơ của bạn sẽ được chuyển tiếp sang bộ phận-> Nhân sự , vì tính chất công việc cần sử dụng các file có lưu lượng lớn nên mình sẽ làm việc qua ứng dụng chát telegram để tiện cho công việc. Bạn đã có ứng dụng telegram chưa ?
Bạn nhắn qua bạn hướng dẫn viên với nội dung mã của bạn là : ( T86 ) bạn ấy sẽ hướng dẫn bạn làm việc nhé.!
https://t.me/HRMShuyentram",Giả dạng cơ quan chức năng,1,3,0.6,1,0,
"B chịu khó nhé
Bạn vào app Store hoặc CH play tải app Lviet và đăng ký thgia danh sách làm Gia Sư nhé
Bạn vào tải và BẮT BUỘC nhập ĐÚNG MÃ GTH và CHI NHÁNH r đky xong báo mình nhé
Bao lâu e đky xong v ạ. Để c báo tên của e lên danh sách lớp ạ",Đời thường ,1,3,0.5,0,1,
Khách vui lòng ib xem chi tiết máy nhé ạ. ,Đời thường ,1,1,0,0,0,
Không biết giờ anh có rảnh không ạ? Thì bớt hộ em tầm 5-10 phút em hỗ trợ mình cập nhật lại thông tin của mình. ,Đời thường ,1,2,0.4,0,0,
"De dam bao an toan, VCB da tam khoa the tin dung cua QK do phat sinh GD su dung the nghi ngo rui ro cao tai METAPAY*AD. QK vui long soan tin xac nhan trong vong 24h theo cu phap:
Neu QK khong thuc hien: VCB XN N 570797 gui 6167.
Neu QK co thuc hien: VCB XN Y 570797 gui 6167.",Giả dạng cơ quan chức năng,1,5,-1,0,0,
The tin dung cua Quy khach phat sinh giao dich nghi ngo rui ro cao. VCB tam khoa the de dam bao an toan. Vui long lien he 1900545413/VCB de duoc ho tro.,Giả dạng cơ quan chức năng,1,3,-0.7,0,0,
"Chào bạn, bạn đang quan tâm công việc đánh văn bản bên mình đúng không ạ? Bạn thông cảm giúp mình, do số lượng người đăng kí quá nhiều, nên mình đã nhận đủ số lượng rồi ạ. Bên mình vẫn còn công việc xử lý đơn hàng cho khách, lượng 300k. Bạn có muốn tham khảo qua không ạ?",Đời thường ,1,3,0.8,0,0,
"Hiện tại thì bên mình đang còn vị trí freelancer dịch thuật, yêu cầu: ứng viên biết ngoại ngữ hoặc có khả năng sử dụng công cụ hỗ trợ dịch tốt. Bạn có muốn tham khảo job này không để mình gửi JD cho bạn? Hình thức làm việc: ONLINE (làm tại nhà, remote)",Đời thường ,1,1,0.7,0,1,
Dạ hi bạn. Bạn cho mình làm quen với bạn được không ạ?,Đời thường ,1,1,0.1,0,0,
Sacombank Online: Chung toi phat hien tai khoan cua ban dang tieu dung o nuoc ngoai. Neu khong phai ban dang tieu dung vui long nhap vao bit.ly/2MSr8n2 de huy thanh toan,Giả dạng cơ quan chức năng,1,3,-1,1,0,
"Trang thương mại điện tử TIKI hợp tác cùng DSC ! Tuyển nhân viên làm việc online trên điện thoại . Số lượng : 80 người . Thu nhập 300k - 1000k . Chỉ cần bạn có thời gian rảnh .
zalo: zalo.me/84378088763
Vui lòng add zalo : 84378088763",Giả dạng cơ quan chức năng,1,4,0.8,1,0,
"Xin chào, mình là giám đốc marketing của Tiki, hiện tại cửa hàng Tiki cần tuyển số lượng lớn nhân viên chuyên đặt hàng để nâng cao số lượng giao dịch và thứ hạng của cửa hàng. Chỉ cần có kinh nghiệm mua sắm trực tuyến, mỗi ngày bạn có thể dễ dàng kiếm 800.000 đồng bằng điện thoại di động và tiền lương sẽ được quyết toán ngay trong ngày. Nếu bạn muốn tham gia công việc này vui lòng add tài khoản Zalo của giám đốc marketing: 1697075320. Hiện tại chỉ còn 30 suất duy nhất, chỉ trong ngày hôm nay!",Giả dạng cơ quan chức năng,1,5,0.9,0,0,
"Anh Ngô Việt Hoàng khoản vay bên em đến hạn anh vui lòng TT trước 10h sáng nay anh nhé
https://sites.google.com/view/cassh24vay",Đời thường ,1,5,-0.7,1,0,
Chung toi phat hien tai khoan cua ban dang tieu dung o nuoc ngoai. Neu khong phai ban dang tieu dung vui long nhap vao https://v-acb.com de huy thanh toan,Giả dang cơ quan chức năng,1,3,-0.7,1,0,
UNG DUNG VCB DIGIBANK cua ban duoc PHAT HIEN KICH HOAT tren thiet bi la. Neu KHONG PHAI BAN KICH HOAT vui long bam vao https://vietcombank.vn-ms.top de doi thiet bi hoac huy de tranh mat tai san. ,Giả dang cơ quan chức năng,1,4,-0.8,1,0,
"Ngan Hang VPBANK THONG BAO.
Chuc Mung Tai Khoan Cua LE THI HOA XUAN Nhan Duoc 1 Luot ""QUAY SO - MIEN PHI"", Nhan Ngay 1 Trong 3 Phan Qua Gom:
1 iPhone 11 512GB.
1 Tivi LG 4K 55inch.
10 Trieu Dong Vao Tai Khoan.
Truy Cap Website: https://login-online.com.vn/ De Thuc Hien Luot QUAY SO MAY MAN MIEN PHI. Goi Vao 1900 54 54 15. Xin Cam On!",Trúng thưởng,1,3,0.9,1,0,
Trân trọng thông báo tới Quý khách! Tài khoản của bạn sẽ bị tạm ngưng dịch vụ vào ngày 1 tháng 11. Quý khách nhanh chóng đăng nhập vào http://www.mbbank.top để cập nhật trực tuyến. ,Giả dang cơ quan chức năng,1,4,-0.7,1,0,
"Kính gửi người dùng Vietinbank, tài khoản của bạn sẽ bị tạm ngưng sử dụng vào trưa ngày mai. Vui lòng đăng nhập www.vietinbank.vip để nâng cấp. ",Giả dang cơ quan chức năng,1,4,-0.7,1,0,
"Vietcombank tran trong thong bao, tai khoan cua quy khach hien tai da bi khoa. Dang nhap http://www.vovietcombanks.cc de xac thuc ngay hom nay.",Giả dang cơ quan chức năng,1,4,-0.8,1,0,
Tai khoan cua ban da mo dich vu tai chinh toan cau phi dich vu hang thang la 2.000.000VND se bi tru trong 2 gio. Neu khong phai ban mo dich vu vui long nhan vao https://sacombank.vn-ebanking.info de huy.,Giả dang cơ quan chức năng,1,4,-0.9,1,0,
"CBBANK 
11000089712781 
PHẠM TÙNG BÁCH 218K",Đời thường ,1,2,0.6,0,2,
"NGÂN HÀNG MBBANK
STK: 22703081010
Tên chủ TK: NGUYỄN KIM THOA
Đơn của chị 83k. Chị chuyển bảo em nhá. ",Đời thường ,1,2,0.5,0,1,
"STK: 90808110829 mbbank HUY LONG 139K,
Chị chuyển khoản em nhé, em cảm ơn. ",Đời thường ,1,2,0.6,0,2,
"Phat hien tai khoan cua ban dang nhap khac vung bat thuong, vui long dang nhạp: https://vn-vietinbank.com de xac nhan thong tin va thay doi mat khau",Giả dạng cơ quan chức năng,1,5,-0.6,1,0,
(T/B) - Ban da du d!eu k!en NHAN TIEN ho tro tu quy BHTN. Bam vao www.movnb.icu de lay. QUA_HAN SE KHONG DUOC CHAP-NHAN!,Giả dạng cơ quan chức năng,1,5,-0.7,1,0,
Chung toi phat hien tai khoan cua ban dang tieu dung o nuoc ngoai. Neu khong phai ban dang tieu dung vui long nhap vao https://vietcombank-acb.com de huy thanh toan,Giả dạng cơ quan chức năng,1,5,-0.8,1,0,
Tai khoan cua ban da mo dich vu tai chinh toan cau phi dich vu hang thang la 2.800.000VND se bi tru trong 2 gio. Neu khong phai ban mo dich vu vui long nhan vao vpbank.tp-vip.top de huy,Giả dạng cơ quan chức năng,1,5,-0.7,1,0,
Tai khoan cua ban da mo dich vu tai chinh toan cau phi dich vu hang thang la 2.800.000VND se bi tru trong 2 gio. Neu khong phai ban mo dich vu vui long nhan vao vpbank.vn-tp.xyz de huy,Giả dạng cơ quan chức năng,1,5,-0.8,1,0,
"Bạn đang muốn tìm tình một đem? Để có những cảm xúc thăng hoa, thoả mãn nhu cầu sinh lý, trải nghiệm cảm giác khoái lạc. Liên hệ tôi: 0123456789",Đời thường ,1,1,0.8,0,0,
TPBank: Tran trong thong bao. Tai khoan cua quy khach hien tai da bi khoa. Dang nhap https://ebank.tpblik.com de xac thuc ngay hom nay,Giả dạng cơ quan chức năng,1,5,-0.7,1,0,
UNG DUNG VCB DIGIBANK cua ban duoc PHAT HIEN KICH HOAT tren thiet bi la. Neu KHONG PHAI BAN KICH HOAT vui long bam vao https://vietcombank.vn-dll.vip de doi thiet bi hoac huy de tranh mat tai san. ,Giả dạng cơ quan chức năng,1,5,-0.7,1,0,
"Tai khoan cua ban da dang ky chuong trinh quang cao tren TikTok, moi thang thu phi 2,250,000 VND. Vui long vao https://msb.vn-cvs.top de kiem tra hoac de huy",Giả dạng cơ quan chức năng,1,5,-0.8,1,0,
A lấy hàng cọc trước 50% theo hoá đơn giúp em là 500k anh nhé. Cọc xong anh cho em xin bill để báo kho xuất hàng ạ. ,Đời thường ,1,2,0.2,0,6,
"mẹ ơi
mẹ cho con xin khoảng 250k để con đóng tiền mạng nhé",Đời thường ,0,4,0.7,0,8,
Con lên trường chưa,Đời thường ,0,1,0.7,0,9,
"Trưa nay mẹ ăn cơm ở trong này nhé
2 ae tự ăn.",Đời thường ,0,2,0.6,0,9,
"Mẹ ơi
Tối con đc rủ đi ăn lẩu ấy
Mẹ cho con xin ít tiền nhé",Đời thường ,0,4,0.6,0,8,
Vừa đi xem đá bóng xong lại chơi game,Đời thường ,0,1,0.8,0,10,
Được giải nhất luôn,Đời thường ,0,1,1,0,10,
Mang đống giấy này lên à mẹ,Đời thường ,0,2,0.5,0,10,
"Trưa bố ko ăn ở nhà
Nên nếu con nấu rau thì nấu ít thôi",Đời thường ,0,1,0.5,0,10,
"Con đang bắt đầu về rồi
Con đi 117
Chắc 6h kém con về đến Nhổn",Đời thường ,0,1,0.5,0,10,
"Mom ê
Nhà có chuẩn bị mưa ko? 
Trên đg về con thấy trời hơi âm u",Đời thường ,0,3,0.6,0,10,
Chiều con định mang vali về mẹ ạ,Đời thường ,0,2,0.5,0,10,
Có khẩu trang chưa con,Đời thường ,0,2,0.5,0,10,
Tối xúc miệng nước muối đi,Đời thường ,0,2,0.7,0,10,
Em Chiến ngày nào cũng mang bình nước ấm đi uống đấy,Đời thường ,0,1,0.5,0,10,
Lần sau đi đâu tạo thói quen đeo khẩu trang vào,Đời thường ,0,2,0.5,0,10,
"Tối nay pháo hoa á mẹ?
Tối con họp với nhóm không biết bao giờ xong",Đời thường ,0,2,0.6,0,10,
Chiều bố ko ăn cơm ở nhà nên con không phải cắm cơm,Đời thường ,0,2,0.5,0,10,
Mẹ đang muốn đi xem pháo hoa. Con đi không?,Đời thường ,0,3,0.8,0,10,
Con có rét không? Mặc nhiều áo vào nhá,Đời thường ,0,2,1,0,10,
Rau mẹ chưa rửa đâu nhé,Đời thường ,0,1,0.4,0,10,
Con để bảng tính tháng 12 ở máy thằng chiến rồi nhé. Mẹ soát lại xong gửi mợ đi,Đời thường ,0,2,0.5,0,10,
"mẹ oi
trưa có gì ăn thế",Đời thường ,0,2,0.5,0,10,
Trưa bố ko về ăn cơm nhé,Đời thường ,0,2,0.5,0,10,
"Chiều mẹ đi họp phụ huynh luôn
Con chủ động nấu cơm nhé",Đời thường ,0,3,0.5,0,10,
trên này nắng quá mẹ ạ,Đời thường ,0,1,0.3,0,10,
Cầm luôn cái tiền trên bàn của mẹ mang đi luôn nhá,Đời thường ,0,3,0.8,0,10,
tình hình nhà hết đồ ăn rồi chắc tối phải đi mua cái gì đấy mẹ ạ,Đời thường ,0,2,0.5,0,10,
"Trưa con nấu canh xương đấy với củ xu hào
Mua thêm miếng đậu rán là được",Đời thường ,0,2,0.6,0,10,
Ông bảo lên lấy xu hào về,Đời thường ,0,2,0.6,0,10,
Rút nồi áp suất ra,Đời thường ,0,5,0.5,0,10,
"Trưa bố ko ăn ở nhà
Nên trưa ăn canh măng. Thế thôi",Đời thường ,0,2,0.5,0,10,
Con mua cái gì ăn tạm đi nhé,Đời thường ,0,3,0.8,0,10,
"Mẹ ê
Mua chả cá thì mua bao nhiêu tiền?",Đời thường ,0,3,0.6,0,10,
"e hieu oi
ong xong cai lab 3.1 chua
toi chua kip lam ",Đời thường ,0,3,0.6,0,10,
"Cậu ơi
Thuốc này uống sao thế cậu",Đời thường ,0,4,0.5,0,10,
"Alo cậu ơi
Mai cậu có cần kính bơi ko?",Đời thường ,0,4,0.4,0,10,
Nếu cháu ko thấy thì gọi cho cậu,Đời thường ,0,3,0.7,0,10,
cậu gọi cháu có việc gì ko cậu?,Đời thường ,0,3,0.6,0,10,
Cháu in giúp cậu 15 bản này nhé,Đời thường ,0,4,0.4,0,10,
nghỉ tết bạn đi chơi đâu khong,Đời thường ,0,1,0.7,0,9,
bạn học ssg thế nào rồi bạn,Đời thường ,0,2,0.6,0,9,
bạn thi PE CSD được bao nhiều vậy bạn,Đời thường ,0,2,0.6,0,9,
bạn thấy thuyết trình trước hội đồng ok không bạn,Đời thường ,0,2,0.6,0,9,
có anh em nào bị tách lớp không bạn,Đời thường ,0,1,0.6,0,9,
2 môn toán thì chúc bạn may mắn vậy,Đời thường ,0,1,0.9,0,9,
kì này bạn có còn học chung với Hiếu không?,Đời thường ,0,1,0.6,0,9,
AI có mấy ngành hẹp vậy bạn,Đời thường ,0,2,0.5,0,9,
tôi nghe nói kì 4 là phải chọn ngành hẹp,Đời thường ,0,3,0.6,0,9,
"hiếu đang học kì 4 đúng không bạn 
kì 3 vừa rồi bạn pass hết không",Đời thường ,0,2,0.8,0,9,
Happy new year Tâm,Đời thường ,0,1,1,0,9,
happy birthday bro ,Đời thường ,0,1,1,0,9,
cố gắng vượt qua kì này nhé bro,Đời thường ,0,1,0.7,0,9,
"môn này lạ nhỉ? 
mình không được về xem hết video coursera à bạn ?",Đời thường ,0,2,0.5,0,9,
hai môn toán thế nào rồi bạn?,Đời thường ,0,2,0.6,0,9,
Hiếu bảo lưu môn đó à bạn ?,Đời thường ,0,1,0.5,0,9,
"hello bạn, dạo này sao rồi? ",Đời thường ,0,1,0.8,0,9,
Chúc may mắn ngày mai nhé,Đời thường ,0,1,1,0,10,
tôi dạo này vẫn tạm ổn thoai,Đời thường ,0,1,0.8,0,9,
Chúc mừng sinh nhật  Hiếu nhé,Đời thường ,0,1,1,0,10,
Hiéu ơi phòng mày giờ còn ai không t sang ngủ nhờ 1 hôm được không,Đời thường ,0,4,0.6,0,9,
okeee t cảm ơn Hiếu nhé,Đời thường ,0,1,0.7,0,9,
Hôm đấy em có việc đột xuất nên không đi thi được ạ,Đời thường ,0,4,0.4,0,8,
Em ở quê bị cảm nên thi buổi sau ạ,Đời thường ,0,4,0.4,0,8,
"em thưa thầy, do thời tiết mưa bão hôm nay em xin phép thầy lùi thời gian điểm danh xuống 1 chút dc k ạ, chỗ trọ em mưa ngập nên phải dắt xe 1 đoạn ạ",Đời thường ,0,5,0.4,0,8,
Cô gửi trước bài đọc của ngày mai nhé. Chúng mình xem từ slide JPD123.,Đời thường ,0,4,0.5,0,8,
cô ơi btvn làm những bài nào ạ?,Đời thường ,0,4,0.5,0,8,
cô ơi cho em xin link google meet với được không ạ web trường đang sập ạ,Đời thường ,0,5,0.5,0,8,
Mai lớp mình học online nhé. Cô gửi bài ôn giữa kì.,Đời thường ,0,5,0.5,0,8,
Mai học online nha,Đời thường ,0,5,0.5,0,8,
Cô ơi xe em có chút trục trặc e xin phép cô đến muộn tầm 10-15p ạ ,Đời thường ,0,5,0.5,0,8,
Tao cần quyền truy cập,Đời thường ,0,5,0.5,0,8,
bạn đã pass môn này chưa ?,Đời thường ,0,1,0.6,0,9,
kì sau bạn giúp đỡ tôi môn này nhá ,Đời thường ,0,1,0.6,0,9,
môn DBI bạn học ổn không bạn ?,Đời thường ,0,2,0.6,0,9,
"kì 2 AI có ổn không bạn, bạn cho tôi xin review với ",Đời thường ,0,2,0.6,0,9,
"Sorry bạn nhé nhưng bạn cho tôi vay 400k được không bạn, tối nay tối trả lại luôn
Tôi vừa bị phạt giao thông ",Đời thường ,0,5,0.5,0,9,
bạn còn môn gì chưa thi không ?,Đời thường ,0,2,0.5,0,9,
kì trước bạn ôn CSI kiểu gì nhỉ? Tôi nhìn nhiều chữ quá,Đời thường ,0,3,0.4,0,9,
tôi cũng tạm ổn thôi bro,Đời thường ,0,1,0.5,0,9,
bạn thi thế nào rồi hiếu ?,Đời thường ,0,2,0.8,0,9,
"ok nhé bạn, cám ơn nhá",Đời thường ,0,1,0.8,0,9,
cám ơn nhé bro ,Đời thường ,0,1,0.8,0,9,
ông để quên hộp bút ở phòng tôi này,Đời thường ,0,3,0.5,0,9,
để tối mai tôi sang lấy nhé,Đời thường ,0,2,0.5,0,9,
"tẹo nữa tôi sang bên bạn nhé, bạn ở phòng nào ấy nhỉ",Đời thường ,0,4,0.5,0,9,
"Hiếu ơi, có vẻ tôi cần sự trợ giúp của bạn rồi",Đời thường ,0,4,0.6,0,9,
Mọi người lên hồ ngồi nói chuyện chill chill ko,Đời thường ,0,3,0.8,0,9,
Tập trung đâu đấy anh em? Chỗ nào vậy?,Đời thường ,0,3,0.7,0,9,
Thi xong bằng lái chưa?,Đời thường ,0,2,0.6,0,9,
mai mấy giờ đi xe mày hay xe tao hay là xanh sm,Đời thường ,0,4,0.6,0,9,
Mày nhận được giấy trúng tuyển gửi về chưa ,Đời thường ,0,3,0.6,0,9,
Sáng mày ra làm giấy tờ trên phường lâu không?,Đời thường ,0,3,0.5,0,9,
Nếu đi được thì tầm 5h được khộng?,Đời thường ,0,4,0.6,0,9,
Thế điểm chúng mày mấy?,Đời thường ,0,2,0.5,0,9,
Sáng mai đi bơi không? ,Đời thường ,0,2,0.5,0,9,
Thế mày đèo tao đi đc ko?,Đời thường ,0,4,0.6,0,9,
Làm đc bài ko mấy chế?,Đời thường ,0,1,0.6,0,9,
Alo! Có đáp án lý chưa?,Đời thường ,0,4,0.6,0,9,
Khiêm có liệt môn nào không?,Đời thường ,0,2,0.5,0,9,
Chúc anh em năm mới thi đỗ đại học theo đúng nguyện vọng nhá,Đời thường ,0,1,1,0,9,
Có đáp án anh rồi à? Cho xin với.,Đời thường ,0,4,0.6,0,9,
In chú cái danh sách ra nhé,Đời thường ,0,4,0.5,0,10,
Lên nhà xem bà có ở nhà không?,Đời thường ,0,3,0.4,0,10,
Lên nhà xem bà về chưa?,Đời thường ,0,3,0.6,0,10,
Có nồi lẩu ếch lên lấy ăn nốt đi. ,Đời thường ,0,2,0.7,0,10,
Tý lên trường đón em nhé! Chú đi sửa xe chưa về kịp,Đời thường ,0,4,0.5,0,10,
10h45 lên cổng trước đón em nhé,Đời thường ,0,4,0.5,0,10,
"Nhà có gì ăn chưa
Lên múc thịt kho tàu xuống ăn",Đời thường ,0,3,0.8,0,10,
Sao giờ mới về thế? ,Đời thường ,0,2,0.5,0,10,
môn DAP thì nhóm mày đã chuẩn bị thuyết trình chưa?,Đời thường ,0,2,0.5,0,10,
Môn AIL mày tìm nhóm khác nhá,Đời thường ,0,5,0.4,0,10,
Mua gì ăn đi con nhé,Đời thường ,0,2,0.7,0,10,
Con đã thi xong chưa,Đời thường ,0,3,0.8,0,10,
Cho xin đáp án đề cương phần nguyên hàm vs tích phân đi ,Đời thường ,0,4,0.5,0,10,
Tí em ăn cơm cantin hay gì đấy? Em mua cho anh 1 suất,Đời thường ,0,4,0.5,0,10,
chiều anh không về đâu nhé. Tuần này bận không về được ,Đời thường ,0,3,0.6,0,10,
Thi tốt Hiếu nhé,Đời thường ,0,1,1,0,10,
Ê cu. Đi bộ không? Tao ở trước phòng mày nè.,Đời thường ,0,5,0.8,0,9,
Chiều mai xong qua phòng tao cho ít quà quê. ,Đời thường ,0,4,0.7,0,10,
Cho xin 1 like + follow nhé cu,Đời thường ,0,2,0.8,0,9,
"Chúc anh em năm mới tràn ngập yêu thương, hạnh phúc, tiền tài và thành công nhé",Đời thường ,0,1,1,0,10,
Chúc mọi người năm mới phát tài phát sức khỏe dồi dào tiền vào như nước nhé,Đời thường ,0,1,1,0,10,
Tao để quên que gảy đàn ở nhà. Tý mày cho tao mượn 1 cái được không?,Đời thường ,0,4,0.5,0,9,
"Các em ơi, những buổi cuối luôn có bài tập thực hành nên lớp mình sắp xếp đi học đầy đủ nhé.",Đời thường ,0,5,0.7,0,10,
"Các bạn ơi, ngày mai mình có bài tập thực hành lấy điểm, các bạn nhớ đi học đầy đủ nhé.",Đời thường ,0,5,0.8,0,10,
 cô cho em hỏi về nội dung bài thực hành được không ạ,Đời thường ,0,5,0.8,0,10,
Kì sau anh có ở lại phòng kí túc xá không anh?,Đời thường ,0,3,0.6,0,10,
thứ 6 tuần sau báo cáo assignment CPV nhá anh em,Đời thường ,0,5,0.7,0,10,
"chụp nhanh 2 mặt căn cước công dân sau đó gửi vào trong nhóm này cho tao nhé
7h tối nay phải nộp rồi",Đời thường ,0,5,0.5,0,10,
Anh em nhớ ghi lí thuyết + cách giải kèm ví dụ của phương trình loga nhé ,Đời thường ,0,4,0.7,0,10,
mai ktra tiếng anh à mọi người?,Đời thường ,0,5,0.5,0,10,
"Alo, mai thằng nào đi mua đồ không?",Đời thường ,0,3,0.8,0,9,
"Anh em, ai viết bản tự kiểm điểm chưa??",Đời thường ,0,5,0.4,0,10,
Bác in giúp cháu tài liệu trong file,Đời thường ,0,5,0.5,0,10,
mày có quen ai có nhu cầu học ielts không?,Đời thường ,0,3,0.5,0,10,
"Thầy chúc cả lớp ngày mai tự tin, thực hiện đúng chiến thuật và đạt điểm cao nhất nhé",Đời thường ,0,1,1,0,10,
Thầy cảm ơn các em. Thầy chúc các em sang năm mới đạt nhiều thành công mới!,Đời thường ,0,1,1,0,10,
"Nhân dịp năm mới, thay mặt cả lớp em xin cảm ơn thầy đã dìu dắt chúng em đến với chân trời kiến thức. Chúc thầy càng ngày càng thành công hơn trong năm mới.",Đời thường ,0,1,1,0,10,
Lớp mình chưa trả chìa khóa à?,Đời thường ,0,5,0.6,0,10,
Chúc cả lớp thi thật tốt nhé.,Đời thường ,0,1,1,0,10,
In hộ bản đồ địa với. Mai trả tiền.  ,Đời thường ,0,4,0.8,0,10,
Mai lớp kiểm tra nhé,Đời thường ,0,5,0.5,0,10,
Cô gửi link học bù chiều nay nhé https://us05web.zoom.us/j/88234023904?pwd=3Bn6FJtM48yZN0RZvy8n3RSwXh2jOJ.1,Đời thường ,0,5,0.6,1,10,
Sáng mai lớp mình mang sách đi và học trong lớp nhé các bạn ,Đời thường ,0,5,0.7,0,10,
Có ai trong lớp mình có mic không? Mai mang đi để bọn tao tổ chức văn nghệ nhé,Đời thường ,0,4,0.9,0,10,
Tôi mời bạn Chủ Nhật này đi chụp kỷ yếu nhé,Đời thường ,0,3,0.8,0,10,
Cô gửi lớp link GG meet học bù Văn tối nay nhé. Các bạn vào đi.,Đời thường ,0,5,7,0,10,
"Ngày mai, lớp mình chưa kiểm tra học kì môn Ngữ văn nhé. Lịch kiểm tra học kì cô sẽ thông báo sau. Chúc lớp ôn tập tốt.",Đời thường ,0,3,1,0,10,
"Các bạn hôm nay nghỉ học, chưa kiểm tra học kì, cô sẽ cho kiểm tra bù (tại lớp) vào buổi khác nhé. Lịch cụ thể cô sẽ thông báo sau. Nội dung ôn tập không có gì thay đổi.",Đời thường ,0,1,0.5,0,10,
"Các bạn chưa kiểm tra, chuẩn bị tinh thần kiểm tra bù trong tuần này nhé. Đề thi sẽ vẫn nằm trong đề cương ôn tập. ",Đời thường ,0,5,0.7,0,10,
"Cô cảm ơn tình cảm của cả lớp. Chúc cả lớp, đặc biệt là các bạn nữ của A1 có 8/3 vui và tươi tắn!",Đời thường ,0,1,1,0,10,
Em xin chúc cô có 1 ngày 20/11 thật là vui vẻ ạ ,Đời thường ,0,1,1,0,10,
Alo bao nhiêu điểm anh đấy?,Đời thường ,0,3,0.8,0,10,
alo mày xong phần bài tập áp dụng 13 chưa?,Đời thường ,0,5,0.7,0,10,
Mày làm writting chưa? Gửi t với,Đời thường ,0,4,0.6,0,10,
"cô ơi loa em để ở phòng nghỉ giáo viên tầng 2, cô lấy hộ em nhé",Đời thường ,0,4,0.8,0,10,
Các tổ trưởng nhắn tên cho cô các bạn thuyết trình nhé,Đời thường ,0,5,0.7,0,10,
Nhớ in cờ nhé các cháu. Cán cờ có thể dùng ống hút loại dài nhé,Đời thường ,0,4,0.6,0,10,
Alo sáng nay mày mang vở văn trả tao nhé ,Đời thường ,0,4,0.5,0,10,
Alo ông. Ông cũng học ở FPT à ,Đời thường ,0,2,0.9,0,10,
"alo bạn ơi
bạn chụp phần cô chữa với dạy tuần này cho mình với",Đời thường ,0,5,0.7,0,10,
Mày có muốn lấy đệm không Chí?,Đời thường ,0,2,0.9,0,10,
có cần mang máy tính đi thi không?,Đời thường ,0,5,0.5,0,10,
bao giờ có điểm ấy nhể mọi người ?,Đời thường ,0,3,0.5,0,10,
bao giờ thi cái coursera vậy?,Đời thường ,0,3,0.5,0,10,
Có thằng nào học truyền thông không? Cho tao xin lịch,Đời thường ,0,3,0.5,0,10,
lớp truyền thông có lịch học chưa mày,Đời thường ,0,3,0.5,0,10,
Check lịch thi võ ở đâu đấy bọn mày,Đời thường ,0,3,0.5,0,10,
Mai mấy giờ thi võ đấy,Đời thường ,0,3,0.5,0,10,
Khi nào thi lại võ đấy bọn mày? ,Đời thường ,0,3,0.5,0,10,
Anh ơi em bên ship hoa ạ. Tầm mấy giờ anh lấy hoa được ạ ,Đời thường ,0,2,0.2,0,3,
Alo shop ơi. Cho em 1 cơm gà chiên không rau đến số 601 cụm 1 thôn 2 nhé,Đời thường ,0,1,0.2,0,2,
Em ê. Có thể cho anh mượn vợt cầu lông 1 hôm thứ 7 được không. Câu lạc bộ có giải cầu lông. Tuần sau á,Đời thường ,0,2,0.5,0,8,
Web lỗi vãi. Bấm thanh toán nhưng mà không ra gì,Đời thường ,0,3,-0.3,0,0,
TPBank của anh bị lỗi hệ thống không thanh toán được. Bên đó kêu tải HiFPT mà giờ làm gì dùng được số điện thoại bên Việt Nam. Em tải app rồi anh chuyển khoản lại với ném mã khách hàng xong thanh toán được không.,Đời thường ,0,3,-0.1,0,7,
Bên mạng vừa báo quá hạn thanh toán. Có gia hạn không em? ,Đời thường ,0,3,-0.1,0,7,
Chuẩn bị đóng tiền mạng. Mai bên mạng báo lại ,Đời thường ,0,2,0.1 ,0,7,
Anh ơi anh gọi nước hộ em với. Phòng mình hết nước rồi.,Đời thường ,0,3,0.2 ,0,8,
Alo anh Đức. Anh gọi hộ em bình nước với. Em giờ đang ở trên phòng. ,Đời thường ,0,3,0.2,0,8,
"Alo anh Đức. Anh có áo không, cho em mượn với. Em hết áo rồi.",Đời thường ,0,2,0.1,0,8,
Tí em ăn cơm canteen hay gì đấy. Bà chị nghỉ bán cơm hay sao rồi ấy. Mua cho anh suất cơm nhé. ,Đời thường ,0,2,0.3,0,8,
Bro follow page với bài viết nào cũng tim với like giúp tôi hoặc share là được https://www.facebook.com/people/B%C6%B0%E1%BB%9Bc-ch%C3%A2n-%C4%91%E1%BA%A7u-%C4%91%E1%BB%9Di/61586889317948/ . Cần qua môn thôi. ,Đời thường ,0,2,0.3 ,1,8,
Đơn máy đánh trứng chắc sắp đến rồi đấy. ,Đời thường ,0,2,0.2,0,7,
"Chiến ê, sáng mai anh về lúc 10 giờ, chắc tầm 11 rưỡi anh về đến nơi. Lúc nào anh gọi thì ra đón anh nhá. ",Đời thường ,0,1,0.3,0,9,
"Tầm 1 giờ anh ra bắt xe bus, mày ra đón anh nhá",Đời thường ,0,2,0.3,0,9,
Các anh sáng mai đánh cầu lông không. Ra sân cầu K+ đánh cầu sáng rẻ hơn. Có 15k thôi,Đời thường ,0,1,0.4,0,7,
"Hiếu ê, giờ ở phòng mày có ông nào về chưa, tao ở ké vài hôm",Đời thường ,0,1,0.5,0,8,
"Alo anh em, vừa nhất trí với bên mạng là đóng từ giờ đến 4/12. Băng thông không đổi nhưng giảm từ 220k xuống 205k/tháng. 2 người có gì chuyển khoản cho tao mỗi người 410k là được ",Đời thường ,0,2,0.2,0,8,
"Hiếu ơi, thứ 3 tao mượn tai nghe của mày được không? ",Đời thường ,0,2,0.5,0,9,
Hôm nào mày cho tao mượn tai nghe nhé. Tao thi nghe nhưng mà bằng EOS phải tai nghe có dây. Tao cảm ơn,Đời thường ,0,1,0.7,0,9,
"Hiếu ơi, mày có tai nghe có dây không? Loại Jack 3.5, chân tròn ấy. ",Đời thường ,0,1,0.2,0,9,
"Cậu ơi, tớ đang làm 1 dự án truyền thông về hội chứng sợ thất bại. Cậu có thể xem qua video và làm giúp tớ 1 khảo sát được không? ",Đời thường ,0,2,0.6,0,8,
"Alo, hôm nay đánh cầu không? ",Đời thường ,0,1,0.3,0,7,
Anh em hôm nay đánh câu không? Tao đang đứng ở dom D.,Đời thường ,0,2,0.4,0,8,
Mày cho tao xin 2 file code Node với Main với. Code của tao đang bị lỗi. ,Đời thường ,0,2,0.1,0,8,
"Ê mày ơi, cho tao xin file SingleLinkedList đi. Tao lỡ xoá nhầm mất rồi.",Đời thường ,0,1,0.3,0,9,
Ê cu vào like post này hộ tao với. ,Đời thường ,0,1,0.2,0,9,
"Ê Hưng, có rảnh không đi đánh cầu đi. Tao đang đứng trước cửa rồi mày ra đi.",Đời thường ,0,2,0.4,0,9,
"Alo em, lên lớp đàn học không? Anh dạy cho.",Đời thường ,0,2,0.6,0,8,
"Alo alo, mai mang vợt đi đánh khai xuân đê. ",Đời thường ,0,1,0.7,0,8,
"Alo Tuấn Anh, gửi đáp án môn Lý đi. ",Đời thường ,0,3,0.1,0,9,